<?xml version="1.0" encoding="UTF-8" ?>
<!DOCTYPE configuration
        PUBLIC "-//mybatis.org//DTD Config 3.0//EN"
        "http://mybatis.org/dtd/mybatis-3-config.dtd">
<configuration>
    <!-- 配置全局属性 -->
    <settings>
        <!-- 打印查询语句 -->
        <setting name="logImpl" value="STDOUT_LOGGING"/>
    </settings>

    <plugins>
        <!--配置分页插件PageHelper-->
        <plugin interceptor="com.github.pagehelper.PageHelper">
            <property name="dialect" value="mysql"/>
            <property name="offsetAsPageNum" value="false"/>
            <property name="rowBoundsWithCount" value="false"/>
            <property name="pageSizeZero" value="true"/>
            <!--reasonable：分页合理化参数，默认值为false。
                当该参数设置为 true 时，pageNum<=0 时会查询第一页，
                pageNum>pages（超过总数时），会查询最后一页。
                默认false 时，直接根据参数进行查询。-->
            <property name="reasonable" value="true"/>
            <property name="supportMethodsArguments" value="false"/>
            <property name="returnPageInfo" value="none"/>
        </plugin>
    </plugins>
</configuration>