<?xml version="1.0" encoding="UTF-8"?>
<beans xmlns="http://www.springframework.org/schema/beans"
       xmlns:xsi="http://www.w3.org/2001/XMLSchema-instance"
       xmlns:context="http://www.springframework.org/schema/context"
       xmlns:mvc="http://www.springframework.org/schema/mvc"
       xsi:schemaLocation="http://www.springframework.org/schema/beans
    http://www.springframework.org/schema/beans/spring-beans.xsd
    http://www.springframework.org/schema/context
    http://www.springframework.org/schema/context/spring-context.xsd
    http://www.springframework.org/schema/mvc
    http://www.springframework.org/schema/mvc/spring-mvc-3.0.xsd">

    <!-- 配置SpringMVC -->
    <!-- 1.开启SpringMVC注解模式 -->

    <mvc:annotation-driven/>

    <!-- 2.静态资源默认servlet配置
        可以加入对静态资源的处理：js,gif,png等
     -->
    <mvc:resources mapping="/js/**" location="/js/"/>
    <!-- 如果发现是静态资源的请求，就将该请求转由Web应用服务器默认的Servlet处理，
     如果不是静态资源的请求，才由DispatcherServlet继续处理。-->
    <mvc:default-servlet-handler/>

    <!-- 3.配置jsp 显示ViewResolver -->
    <bean class="org.springframework.web.servlet.view.InternalResourceViewResolver">
        <property name="viewClass" value="org.springframework.web.servlet.view.JstlView"/>
        <property name="prefix" value="/WEB-INF/views"/>
        <property name="suffix" value=".jsp"/>
    </bean>

    <!-- 4.扫描相关的bean -->
    <context:component-scan base-package="com.xinzone.controller"/>
    <context:component-scan base-package="com.xinzone.service"/>

</beans>