<?xml version="1.0" encoding="UTF-8"?>
<!DOCTYPE mapper PUBLIC "-//mybatis.org//DTD Mapper 3.0//EN" "http://mybatis.org/dtd/mybatis-3-mapper.dtd">

<!-- 设置为IEmployeeMapper接口方法提供sql语句配置 -->
<mapper namespace="com.xinzone.dao.IEmployeeMapper">
    <!--resultMap可以用来解决数据库字段和实体属性不一致的问题，column代表数据库字段，property代表实体类属性，jdbcType是数据库字段类型-->
    <resultMap type="com.xinzone.entity.EmployeeEntity" id="employeeResultMap">
        <id property="id" column="id" jdbcType="INTEGER"/>
        <result property="employeeName" column="employee_name" jdbcType="VARCHAR"/>
        <result property="age" column="age" jdbcType="INTEGER"/>
        <result property="sex" column="sex" jdbcType="VARCHAR"/>
        <result property="address" column="address" jdbcType="VARCHAR"/>
        <result property="job" column="job" jdbcType="VARCHAR"/>
    </resultMap>

    <!--sql标签也可以解决数据库字段和实体类属性不一致的问题-->
    <sql id="column_list">
        id,
        employee_name,
        sex,
        age,
        address,
        job
    </sql>

    <!--插入员工信息-->
    <insert id="insertEmployee" parameterType="com.xinzone.entity.EmployeeEntity">
        insert into employee
        <trim prefix="(" suffix=")" suffixOverrides="," >
            <if test="employeeName != null">
                employee_name,
            </if>
            <if test="sex != null">
                sex,
            </if>
            <if test="age != null">
                age,
            </if>
            <if test="address != null">
                address,
            </if>
            <if test="job != null">
                job
            </if>
        </trim>
        VALUES
        <trim prefix="(" suffix=")" suffixOverrides="," >
            <if test="employeeName!=null " >
                #{employeeName},
            </if>
            <if test="sex!=null ">
                #{sex},
            </if>
            <if test="age!=null ">
                #{age},
            </if>
            <if test="address!=null ">
                #{address},
            </if>
            <if test="job!=null ">
                #{job}
            </if>
        </trim>

    </insert>

    <!--更新员工信息-->
    <update id="updateEmployee" parameterType="com.xinzone.entity.EmployeeEntity">
        update employee
        <set>
            <if test="employeeName!=null and employeeName!=''" >
                employee_name=#{employeeName},
            </if>
            <if test="sex!=null and sex!=''">
                sex=#{sex},
            </if>
            <if test="age!=null ">
                age=#{age},
            </if>
            <if test="address!=null and address!=''">
                address=#{address},
            </if>
            <if test="job!=null and job!=''">
                job=#{job}
            </if>
        </set>
        <where>
            <if test="id!=null ">
                id=#{id}
            </if>
        </where>
    </update>

    <!--根据员工Id删除员工信息-->
    <delete id="deleteEmployee" parameterType="int">
        delete from employee
        <where>
            <if test="id!=null ">
                id=#{id}
            </if>
        </where>
    </delete>

    <!--根据员工Id查询员工信息-->
    <select id="getEmployeeById" parameterType="int" resultMap="employeeResultMap">
        select
        <include refid="column_list"></include>
        from employee
        <where>
            <if test="id!=null ">
                id=#{id}
            </if>
        </where>
    </select>
    <!--查询所有员工信息-->
    <select id="getAllEmployee" resultMap="employeeResultMap">
        select
        <include refid="column_list"></include>
        from employee
    </select>


</mapper>